637,Rori,87
889,Berget,67
399,Merci,92
534,Anthia,27
79,Viviene,98
426,Devina,26
47,Amara,41
413,Layla,58
611,Trudie,100
225,Rivalee,35
869,Leanna,1
509,Melanie,70
698,Deirdre,95
984,Marika,55
593,Vere,76
308,Jan,49
75,Natka,75
386,Abbie,70
850,Almeta,69
132,Gratia,17
98,Kristan,88
460,Althea,15
532,Gloria,22
836,Annora,56
938,Grier,67
134,Meghann,29
871,Zaria,58
677,Janis,86
816,Roseline,21
129,Mady,5
464,Kelly,54
788,Micheline,37
185,Aurore,67
235,Kathi,42
401,Julieta,94
366,Chrystel,22
905,Vivia,73
868,Ira,67
200,Addia,39
892,Ricky,79
727,Dale,63
226,Kirbee,34
654,Nyssa,66
947,Thalia,20
7,Drucie,96
872,Catharine,41
840,Beth,67
963,Johna,34
590,Clarice,8
139,Sonni,92
431,Lynea,47
996,Siana,94
810,Benita,12
638,Dagmar,73
814,Selma,56
977,Glynnis,69
788,Georgetta,89
82,Janenna,6
678,Bertine,6
211,Brandise,68
64,Daryl,2
65,Christian,78
669,Deedee,26
788,Robbi,6
331,June,58
369,Berget,75
752,Katuscha,6
771,Tierney,78
702,Dorice,88
253,Annabela,49
783,Gusty,23
193,Tori,87
214,Marleah,11
541,Bernie,63
819,Veda,47
493,Emilia,8
654,Nickie,97
334,Codie,25
8,Lorenza,75
397,Sadie,18
448,Kassey,46
644,Sheelagh,62
95,Linet,3
14,Giustina,3
667,Mahalia,55
266,Debee,87
821,Gilda,33
466,June,30
51,Aimil,47
702,Kayla,37
493,Paola,96
800,Orsola,16
242,Nerta,55
663,Alie,61
402,Desirae,26
586,Cecile,30
524,Gui,12
643,Sara-Ann,22
965,Shell,60
531,Adriana,8
677,Alyda,93
626,Amara,80
125,Liana,20
809,Elena,25
559,Adriana,100
596,Amelia,34
993,Jackie,100
389,Helsa,69
788,Aubrie,2
19,Hope,17
180,Daphne,40
926,Constance,91
886,Tatiania,18
110,Lynde,55
916,Pollyanna,95
791,Shauna,63
864,Rozele,9
952,Rayna,16
736,Flory,2
71,Rebeca,73
743,Fanchon,13
687,Janis,43
905,Carlie,15
620,Alleen,75
694,Dulce,61
478,Ardys,37
423,Tierney,64
736,Renie,55
475,Gavrielle,2
378,Arlina,25
261,Carolina,69
294,Sharai,49
213,Kamilah,6
969,Clary,54
291,Brooks,22
588,Marinna,34
292,Carolina,64
372,Amara,99
585,Shell,49
249,Lolita,11
664,Annaliese,77
534,Evita,23
103,Mireielle,23
699,Deedee,6
654,Lelah,73
102,Cathyleen,4
499,Consuela,86
44,Gabriellia,33
910,Phylis,25
18,Florie,19
478,Nessie,53
167,Chastity,11
248,Cyb,56
587,Stevana,48
10,Margalo,57
754,Wileen,93
983,Lynde,36
434,Britte,94
599,Malina,32
652,Devina,54
518,Charmaine,67
160,Alia,49
457,Sharlene,14
442,Netty,82
949,Hettie,54
814,Aeriela,68
669,Vinita,32
945,Courtnay,77
310,Susette,11
189,Suzette,71
964,Kaia,19
125,Gusty,67
172,Fanny,96
526,Steffane,54
544,Eadie,87
361,Ninnetta,37
563,Corene,2
130,Nickie,78
157,Konstance,70
799,Jolyn,12
490,Lita,69
904,Mallory,73
921,Kassey,56
438,Verla,41
953,Tierney,95
392,Viviene,63
166,Heddie,5
224,Cacilie,70
830,Luci,35
893,Raquela,23
437,Aaren,75
73,Genevra,8
565,Carmencita,83
428,Brandise,51
464,Henriette,16
368,Sarette,65
302,Esmeralda,98
174,Eve,53
951,Alyda,83
419,Tami,82
966,Darci,62
464,Sonni,65
609,Maurene,82
142,Gretal,69
253,Tomasina,67
145,Gavrielle,47
859,Lily,97
36,Kalina,17
660,Ana,57
296,Betta,30
950,Trixi,9
412,Jordan,27
53,Gilligan,32
489,Sam,47
489,Shell,48
110,Alex,93
671,Chrystel,81
892,Ofilia,37
750,Janis,53
552,Layla,75
27,Magdalena,79
530,Tomasina,55
835,Helena,35
387,Antonietta,15
467,Sara-Ann,100
509,Nita,60
422,Cherrita,33
200,Krystle,10
477,Chandra,24
491,Lilith,21
991,Orelia,3
250,Aryn,53
394,Adelle,76
348,Jordan,52
573,Amara,78
123,Annice,41
371,Jacenta,39
864,Aryn,73
107,Correy,65
442,Leeanne,53
683,Mady,84
397,Minne,59
199,Codie,3
96,Miquela,48
711,Bill,3
299,Claudina,60
17,Caritta,59
739,Dale,2
14,Judy,26
957,Jordan,75
214,Sallie,90
323,Nyssa,68
301,Susette,25
58,Ira,93
458,Fina,62
667,Ekaterina,47
408,Dari,8
659,Lorie,64
639,Loree,96
220,Maridel,75
666,Estell,94
862,Darci,34
781,Rhoda,44
746,Mildrid,56
203,Joelly,50
891,Ethel,44
52,Devina,90
591,Clo,22
193,Kial,48
743,Dagmar,7
833,Elfreda,60
157,Dawn,96
940,Vinita,87
351,Lisette,83
941,Arlena,25
638,Tressa,25
111,Gratia,61
820,Kimmy,24
291,Phylis,83
657,Claresta,2
229,Paule,44
29,Janeczka,60
969,Debee,76
965,Valli,42
924,Lusa,29
251,Ann-Marie,62
926,Siana,26
406,Atlanta,91
113,Catrina,76
604,Meghann,91
729,Meriel,96
514,Dede,65
678,Jean,94
669,Rozele,99
627,Betta,79
16,Arlena,34
721,Selma,17
985,Imojean,78
177,Jan,80
261,Stephanie,31
128,Madelle,32
591,Merci,68
596,Harrietta,47
179,Suzette,36
540,Ekaterina,1
630,Nelle,23
434,Deirdre,52
466,Dawn,62
792,Dari,3
597,Linzy,47
463,Sindee,45
426,Selia,69
845,Zaria,83
183,Lizzie,17
890,Ana,92
91,Pierette,20
70,Allyce,69
232,Joceline,96
274,Roslyn,22
385,Mamie,47
729,Merry,38
912,Kamilah,97
598,Florie,1
327,Marnia,35
133,Rivalee,55
432,Brandise,86
131,Morganica,57
425,Leia,54
684,Inga,50
933,Iseabal,7
44,Sashenka,37
48,Winny,24
6,Noelle,23
958,Gilda,84
449,Binny,43
929,Asia,50
528,Karena,23
973,Natka,14
516,Caryl,15
739,Alexine,76
452,Paulita,62
900,Dode,94
482,Nita,63
888,Carmela,6
459,Abbie,20
15,Arlena,11
612,Clary,77
577,Jacenta,32
690,Lanae,5
151,Blondelle,53
289,Brynna,79
434,Sabina,34
554,Vonny,81
98,Elie,47
541,Corry,99
83,Philis,1
518,Nicoli,13
968,Lucy,33
751,Misha,37
335,Reeba,15
844,Gwyneth,70
152,Cindelyn,97
938,Tani,73
194,Gui,69
167,Roslyn,93
908,Nataline,6
344,Maisey,21
461,Benita,19
437,Lexine,63
128,Kylynn,89
847,Rhoda,60
761,Shauna,38
855,Edith,68
759,Beth,21
593,Chere,46
230,Feliza,79
611,Babita,3
722,Berta,49
710,Molli,31
206,Tatiania,92
835,Melina,4
21,Patricia,61
803,Amii,64
815,Eugine,9
34,Ardeen,1
943,Rochette,6
219,Kellen,71
579,Therine,34
963,Carmela,9
270,Betta,98
109,Ileana,37
7,Sallie,68
87,June,59
939,Giustina,50
310,Arlena,96
55,Gabriellia,92
364,Lilith,79
661,Claresta,55
768,Mary,1
992,Moyna,100
83,Cherilyn,93
650,Arabel,33
598,Laure,2
539,Dania,51
357,Paola,78
123,Ofilia,74
670,Jasmina,24
333,Madalyn,15
280,Gisela,43
997,Kaja,20
318,Flo,49
755,Gusella,15
128,Dominga,51
229,Danny,26
475,Sibella,4
943,Yetty,67
546,Paule,14
617,Kalina,38
447,Lolita,75
146,Kenna,88
830,Jere,67
589,Minda,88
944,Hollie,40
64,Robbi,33
67,Etta,80
103,Leona,81
196,Keelia,29
443,Aurelie,19
119,Deloria,72
686,Rochette,91
640,Mara,97
468,Sindee,79
776,Wynne,10
134,Kathy,71
245,Ira,32
427,Aigneis,26
360,Susette,8
636,Frank,47
52,Selma,25
271,Eve,27
892,Gilda,41
673,Cristine,5
146,Hollie,28
655,Verla,15
134,Mahalia,24
234,Ayn,48
676,Cam,95
605,Brietta,52
233,Ellette,60
949,Aili,63
410,Courtnay,67
829,Agnese,94
541,Nannie,100
572,Nessie,43
118,Starla,62
176,Gui,12
197,Louella,31
208,Farrah,44
690,Louella,24
158,Sadie,84
2,Linzy,20
662,Katharina,54
196,Karolina,80
503,Dorothy,32
301,Binny,34
581,Cindelyn,99
899,Sadie,72
146,Clementine,70
15,Christian,67
206,Jaime,86
69,Joleen,89
483,Coral,42
405,Marika,85
29,Tina,29
819,Jsandye,63
630,Letizia,86
277,Mureil,33
729,Magdalena,60
878,Jessamyn,52
355,Gilligan,35
123,Marinna,64
99,Candy,20
933,Elvira,91
242,Harmonia,74
908,Dorthy,65
889,Therine,73
809,Dorothy,96
381,Carree,34
451,Eolanda,51
277,Libbie,91
206,Rozele,32
727,Nessie,69
925,Kylynn,41
346,Ezmeralda,92
750,Estell,93
333,Eugine,30
265,Tami,81
272,Lynde,7
673,Danika,51
37,Johna,77
263,Jillayne,56
640,Marguerite,87
102,Dorothy,61
92,Dominga,45
779,Edee,5
989,Asia,56
0,Gerrie,11
651,Morganica,100
890,Basia,20
697,Ruthe,11
221,Nananne,59
872,Dulcinea,93
975,Carly,57
349,Cyndie,77
988,Jan,64
792,Audrie,3
956,Edyth,83
83,Caryl,86
20,Sue,95
610,Katuscha,84
750,Lesly,85
281,Fanny,89
310,Linzy,38
712,Oralee,77
799,Brena,94
187,Shannah,100
128,Gwyneth,94
934,Alisha,38
154,Doro,45
934,Marsiella,89
282,Lindie,44
250,Alleen,90
423,Lelah,90
732,Ileana,8
255,Collen,56
214,Aili,31
799,Dennie,34
597,Gerianna,62
588,Katleen,56
356,Lita,84
720,Eve,43
490,Sindee,62
293,Catrina,82
75,Amelia,12
998,Livvyy,5
805,Aaren,53
344,Lauryn,41
499,Sandie,21
234,Trudie,50
463,Kylynn,26
344,Margalo,62
225,Phylis,84
625,Mara,46
953,Tatiania,35
55,Sindee,32
627,Charlena,25
669,Renae,15
668,Elie,50
146,Lindie,32
702,Rosanne,93
391,Ileana,96
803,Brietta,6
821,Tressa,26
808,Candi,93
167,Marline,19
565,Margette,99
979,Norine,9
220,Doralynne,76
30,Ann-Marie,79
339,Violet,58
691,Rivalee,18
912,Dulce,39
972,Sibella,58
944,Lenna,51
753,Tilly,51
536,Ursulina,14
964,Nataline,99
631,Lila,21
872,Karena,38
482,Siana,51
715,Daryl,16
936,Caryl,50
192,Trudie,57
101,Doralynne,73
740,Rani,50
469,Ethel,8
617,Mireielle,89
6,Agnese,68
93,Ardenia,34
398,Donnie,87
186,Kittie,72
832,Abbie,2
764,Kylynn,24
721,Vinita,65
658,Angelique,96
435,Blondelle,98
270,Paola,69
565,Phylis,65
872,Nickie,6
715,Aigneis,34
566,Gloria,4
244,Marita,79
168,Tera,93
867,Dyann,18
641,Heida,83
383,Olwen,97
323,Randa,67
639,Myriam,86
142,Konstance,86
591,Jean,24
482,Shauna,70
441,Chandra,90
498,Rivalee,43
111,Olwen,36
749,Lacie,61
268,Marita,77
465,Calla,50
540,Henriette,26
142,Calla,60
76,Kial,88
671,Theodora,63
917,Joceline,96
265,Stacey,61
760,Daphne,77
245,Jasmina,20
150,Edyth,54
28,Joy,10
149,Ernesta,5
19,Pollyanna,100
602,Madalyn,31
306,Barbara,80
599,Concettina,19
428,Lita,40
618,Gale,66
525,Jaclyn,84
527,Adore,80
107,Lulita,57
913,Arabel,49
941,Rebeca,39
843,Kirstin,25
959,Jerry,98
768,Marnia,15
664,Katleen,8
471,Giustina,95
886,Anestassia,36
287,Rosaline,1
328,Ira,55
892,Elka,46
599,Dolli,11
888,Emelina,83
993,Nadine,97
576,Karlee,43
957,Rosanne,39
215,Karolina,41
465,Dulce,25
632,Desirae,72
986,Annabela,78
662,Jackie,83
739,Jerry,19
36,Amelia,83
327,Liana,31
331,Corina,8
375,Pierette,73
766,Atlanta,27
580,Allis,15
968,Melina,61
670,Joleen,68
542,Mariele,84
727,Laurene,46
908,Verla,66
882,Janey,61
487,Rosanne,68
674,Dorothy,43
462,Lorie,90
936,Gianina,60
544,Shandie,23
285,Albertina,34
845,Thalia,49
685,Mary,82
216,Catharine,53
647,Candi,89
991,Aubrie,50
712,Fredericka,20
300,Theodora,29
428,Danika,50
889,Susan,24
142,Jinny,92
352,Delilah,46
47,Justinn,91
168,Orsola,98
163,Lynnea,59
867,Sashenka,10
213,Linet,64
965,Cecile,35
36,Ingrid,25
496,Frank,33
30,Edith,85
335,Elsie,1
21,Farrah,35
136,Leontine,19
688,Emmey,46
174,Tamqrah,11
273,Jsandye,36
783,Nyssa,22
709,Chere,65
241,Tybie,10
545,Georgetta,19
239,Estell,91
880,Georgetta,14
407,Melodie,19
596,Ira,73
506,Gerrie,28
618,Beth,71
843,Odessa,94
429,Cristine,45
266,Gretal,14
278,Pamella,2
52,Deedee,79
521,Esmeralda,30
906,Selia,20
734,Sonni,50
39,Rosabelle,85
414,Zondra,27
642,Meriel,66
833,Rosabelle,79
582,Georgetta,88
56,Sean,91
403,Cyndie,46
255,Blinni,73
979,Sharlene,91
710,Silvana,80
319,Verla,83
890,Abbie,82
656,Di,77
311,Katharina,13
727,Clary,90
414,Vivia,26
505,Harrietta,37
727,Tiffie,79
345,Jackie,30
547,Daune,22
927,Melisent,68
302,Phylis,67
515,Courtnay,72
423,Adelle,52
289,Dolli,10
132,Neila,73
209,Tabbatha,80
122,Maryellen,44
2,Gui,25
892,Karlee,89
331,Madalyn,50
313,Zondra,49
595,Maye,39
749,Gilda,97
656,Jorry,12
302,Merle,60
751,Lilith,55
640,Suzette,42
736,Janeczka,42
664,Annecorinne,58
91,Esmeralda,99
150,Perry,6
863,Perry,32
734,Olivette,89
422,Elyssa,36
386,Charissa,89
871,Marti,80
858,Florie,94
149,Elmira,79
721,Annabela,90
551,Jaclyn,19
622,Constance,91
366,Rosabelle,87
756,Dorice,88
919,Katleen,78
347,Violet,15
551,Mariann,13
292,Angela,93
211,Silvana,33
975,Andree,34
826,Gale,28
357,Paola,52
390,Catrina,20
12,Lilith,98
682,Aurelie,6
291,Molli,12
806,Philis,88
771,Sabina,49
152,Marita,95
656,Alejandra,14
164,Catrina,69
230,Tilly,80
710,Nadine,63
817,Stacey,28
862,Minda,48
258,Myriam,88
904,Kara-Lynn,1
63,Gilligan,12
469,Keelia,4
967,Ricky,65
458,Siana,82
699,Charmaine,42
717,Lusa,54
748,Madeleine,34
802,Dulcinea,61
709,Jorry,83
433,Dagmar,89
330,Aurore,31
403,Dorice,93
777,Clarice,73
483,Ernesta,66
926,Clo,14
105,Drucie,57
256,Almeta,90
659,Flo,88
884,Lisette,78
632,Deedee,56
905,Clementine,38
353,Agathe,5
175,Alia,86
83,Binny,36
357,Juliane,25
734,Kamilah,65
500,Maye,58
842,Carolina,36
41,Bee,35
36,Linet,53
24,Edyth,86
74,Dulce,72
69,Cindelyn,18
563,Correy,24
735,Catrina,90
374,Steffane,18
341,Maryellen,10
876,Juliane,75
614,Vonny,36
807,Nannie,69
201,Fayre,8
212,Adriana,66
754,Cyb,94
59,Cathie,44
413,Aeriela,80
816,Allis,14
52,Louella,47
257,Agathe,8
511,Orelia,79
286,Ana,20
989,Melanie,69
460,Kaia,72
828,Robinia,64
859,Gabi,40
118,Ginnie,20
833,Brianna,64
266,Deirdre,13
113,Nariko,1
303,Dorene,26
264,Meg,22
422,Kathi,30
987,Camile,67
502,Kristan,16
850,Caryl,49
366,Queenie,41
171,Elie,72
960,Sharlene,54
651,Babita,25
41,Mara,67
849,Isa,48
627,Judy,79
153,Amalie,81
987,Karolina,65
916,Meriel,18
598,Gwenneth,29
581,Elmira,83
964,Harrietta,12
391,Kaja,21
440,Andree,43
865,Mamie,87
655,Jenilee,6
45,Evita,1
855,Marika,38
533,Loree,70
12,Magdalena,43
306,Jean,37
704,Charmaine,51
737,Roberta,83
933,Lorne,45
535,Rozele,18
466,Yvonne,78
317,Sashenka,14
950,Ardys,26
662,Catharine,63
750,Sam,1
205,Kristina,33
27,Rochette,81
165,Leia,60
433,Melisent,42
767,Audrie,32
514,Lynnea,1
747,Liana,28
425,Shauna,83
578,Minne,100
458,Ebonee,87
981,Fred,31
871,Ivett,46
532,Cissiee,77
313,Nadine,97
876,Rebeca,14
896,Arlina,70
82,Susette,95
549,Cherilyn,10
91,Jillayne,73
370,Marylou,70
670,Gisela,30
815,Kassey,7
989,Marinna,19
853,Carol-Jean,41
524,Brynna,93
671,Tabbatha,56
999,Steffane,8
782,Britte,80
517,Nikki,72
305,Max,12
523,Elsie,75
82,Deloria,93
839,Heida,66
893,Layla,89
926,Max,34
51,Annabela,66
263,Jenilee,80
86,Merci,97
461,Anallese,71
772,Nariko,84
425,Krystle,24
513,Kalina,53
125,Jany,64
247,Cristabel,74
524,Shaine,23
966,Michaelina,79
662,Queenie,5
344,Alejandra,97
725,Elvira,27
433,Jordan,75
145,Tomasina,25
150,Susan,74
546,Rubie,50
789,Hettie,46
533,Jessamyn,18
23,Tiffie,92
710,Marcelline,25
972,Inga,25
378,Ashlee,90
903,Netty,8
483,Karly,15
503,Robinia,57
529,Trudie,36
402,Vinita,49
425,Courtnay,10
780,Nadine,43
251,Beatriz,73
631,Allyce,37
593,Katuscha,70
473,Annecorinne,70
394,Tera,97
185,Gavrielle,37
434,Merrie,99
70,Kenna,15
966,Isa,17
420,Dania,33
756,Dari,21
980,Abbie,66
150,Elsie,84
155,Maisey,24
894,Daphne,80
997,Ellette,22
715,Elsie,41
729,Cacilie,20
163,Arlina,36
260,Sabina,15
443,Charissa,35
188,Kerrin,95
976,Isa,43
935,Vivia,16
47,Aeriela,21
79,Emilia,91
699,Maridel,4
649,Glenda,74
149,Rani,46
992,Ermengarde,63
807,Jsandye,47
778,Grier,47
697,Hannis,55
930,Corry,38
798,Morganica,71
739,Violet,11
243,Magdalena,55
815,Dianemarie,31
569,Elise,1
988,Peri,32
912,Ofilia,99