1,Wilma,43
437,Juliane,62
227,Fanny,32
853,Melodie,17
21,Krystle,5
524,Fernande,29
638,Ernesta,46
595,Ann-Marie,98
808,Lisette,18
556,Bernie,31
802,Consuela,58
75,Mamie,23
65,Adriana,100
703,Heida,3
904,Olivette,30
108,Mallory,100
261,Henriette,94
860,Sharai,90
137,Sheelagh,32
781,Fredericka,90
45,Raina,56
870,Gilda,46
62,Halette,41
903,Madeleine,77
156,Lucy,48
53,Fayre,20
612,Barbi,33
603,Sonni,7
912,Alexine,44
849,Gwenneth,48
952,Heddie,81
81,Veda,46
402,Lanna,98
224,Lorie,84
491,Elvira,60
447,Maridel,94
877,Konstance,61
389,Frieda,67
684,Sophia,74
475,Chandra,3
870,Gianina,47
265,Georgina,7
393,Rhea,31
927,Chickie,56
688,Olivette,83
20,Emelina,75
323,Jessy,14
927,Lelah,33
474,Codie,96
726,Allyce,61
531,Ivett,50
471,Carlie,91
178,Lucille,59
322,Mady,55
535,Claresta,70
255,Fanny,34
318,Ketti,39
79,Kristina,27
261,Caritta,60
76,Gilda,79
347,Tami,29
260,Kara-Lynn,67
435,Magdalena,87
761,Carly,73
733,Sherrie,13
822,Mariele,58
574,Kenna,47
264,Di,61
702,Agathe,74
597,Raf,64
9,Larine,35
118,Frank,38
485,Lynnea,24
86,Alie,2
476,Valli,71
917,Constance,43
810,Elka,63
955,Ellette,99
384,Augustine,12
815,Gale,99
581,Amelia,63
777,Hettie,3
804,Georgetta,36
565,Merry,50
496,Liana,22
804,Wilma,93
331,Louella,65
347,Rayna,57
528,Meghann,15
172,Augustine,26
719,Adriana,18
452,Josephine,70
227,Vivia,29
882,Chere,50
841,Beverley,57
248,Annecorinne,62
665,Desirae,31
194,Kathi,7
892,Kirstin,47
194,Anthia,64
562,Joane,62
77,Tani,20
927,Imojean,60
831,Shauna,48
508,Marika,81
643,Kimmy,1
500,Ingrid,54
793,Emilia,93
45,Janenna,4
424,Monika,42
379,Alex,11
223,Raina,1
149,Luci,48
370,Dari,21
108,Corina,72
707,Cissiee,82
710,Emelina,98
965,Micheline,91
513,Oona,1
67,Dorice,19
442,Ottilie,1
358,Annecorinne,79
856,Gui,72
585,Leontine,35
365,Winny,5
705,Georgina,25
598,Jolyn,76
179,Sindee,100
349,Raina,83
864,Stacey,66
682,Deloria,49
120,Arabel,78
621,Genevra,11
928,Oralee,77
540,Nerta,31
213,Carol-Jean,2
219,Quintina,90
581,Kial,55
78,Mary,9
29,Arlena,100
571,Lucy,33
327,Emelina,44
119,Donetta,65
394,Hope,19
831,Shirlee,86
60,Imojean,28
679,Gratia,20
343,Lucy,87
628,Krystle,56
963,Selia,55
776,Ekaterina,63
414,Robbi,76
227,Judy,70
636,Helsa,29
994,Deirdre,85
300,Minne,65
218,Stacey,88
466,Claresta,31
85,Jany,31
191,Emelina,51
502,Jacenta,95
114,Kirstin,31
817,Marline,54
791,Tobe,58
836,Ezmeralda,12
460,Deirdre,49
46,Roz,96
123,Bibby,42
944,Aili,30
402,Binny,85
192,Henriette,14
554,Kayla,20
713,Cindelyn,78
495,Margette,50
871,Reeba,96
202,Ardys,4
908,Barbi,48
524,Pamella,11
192,Trixi,69
207,Genevra,81
780,Ariela,16
830,Krystle,100
787,Kara-Lynn,23
595,Josephine,18
343,Jenda,5
166,Wynne,24
752,Marcy,72
866,Hyacinthe,48
97,Dale,51
415,Marleah,64
245,Lindie,76
54,Agathe,38
823,Jasmina,79
306,Lonnie,56
843,Brianna,82
300,Susette,60
187,Helsa,66
616,Alleen,50
2,Tobe,33
381,Clarice,82
583,Dyann,26
100,Ardeen,52
366,Mireielle,9
73,Libbie,52
879,Ketti,74
839,Carol-Jean,93
953,Corene,99
434,Marika,50
490,Etta,46
896,Minne,4
422,Melina,3
779,Linet,50
727,Genevra,96
718,Gusty,90
481,Marita,86
571,Fernande,2
978,Dawn,54
385,Nickie,8
328,Sallie,1
950,Steffane,26
206,Magdalena,27
958,Kerrin,26
519,Gusty,61
177,Kassey,57
741,Angelique,45
34,Susette,71
637,Ardeen,32
738,Corly,47
957,Katleen,13
681,Jinny,42
352,Paule,97
401,Joceline,56
67,Christy,55
823,Corry,9
642,Coral,51
829,Sidoney,21
627,Nerta,38
497,Tracey,47
568,Charlena,69
571,Margalo,16
450,Cherilyn,75
514,Aryn,74
518,Dari,5
943,Lelah,18
234,Rosabelle,47
395,Blondelle,88
648,Nelle,64
919,Molli,32
378,Aubrie,15
26,Chandra,95
775,Courtnay,96
696,Valli,1
862,Flory,14
703,Robinia,61
36,Tiffie,100
912,Adriana,68
729,Alisha,82
758,Inga,35
234,Lyssa,28
911,Corina,13
357,Fred,82
633,Dede,87
56,Max,59
404,Carolina,2
588,Annice,26
243,Hettie,92
62,Kassey,71
751,Tressa,16
303,Doro,48
463,Adele,32
279,Clarice,65
891,Dawn,41
770,Riannon,84
454,Johna,60
291,Vita,57
606,Janeczka,22
889,Rosabelle,82
931,Benita,52
36,Viviene,31
309,Tani,20
847,Georgina,24
67,Rivalee,6
552,Codie,87
72,Elka,22
409,Brynna,68
676,Kenna,88
558,Genevra,74
409,Fredericka,98
65,Rivalee,11
491,Nannie,100
150,Theodora,63
384,Adele,42
103,Dania,69
485,Belinda,91
108,Silvana,88
562,Charlena,64
688,Jackie,56
261,Jean,9
237,Anestassia,26
18,Amalie,58
408,Kary,81
131,Fredericka,87
372,Briney,62
185,Charmaine,67
974,Fidelia,47
711,Joeann,3
335,Basia,58
610,Margarette,58
258,Kathi,33
724,Rayna,90
258,Selma,48
553,Kalina,55
47,Jan,72
129,Camile,88
620,Goldie,5
222,Ninnetta,26
274,Evaleen,6
284,Harrietta,24
729,Talya,58
134,Emilia,68
71,Aigneis,89
34,Maud,56
829,Tori,16
571,Di,2
211,Aurore,93
125,Patricia,96
553,Rebeca,49
849,Janenna,54
286,Arlina,51
740,Andeee,74
541,Lusa,57
72,Karlee,12
270,Konstance,31
655,Benita,82
925,Ketti,19
641,Ileana,14
944,Sonni,16
142,Elmira,94
972,Claresta,58
618,Tracey,95
125,Daphne,88
123,Monika,42
694,Riannon,27
260,Lizzie,21
187,Ninnetta,51
765,Tami,31
872,Ayn,34
48,Beverley,42
72,Jobi,80
98,Keelia,28
366,Gratia,22
367,Elka,6
296,Gratia,2
124,Marsiella,96
724,Genevra,98
894,Shell,42
850,Sibella,100
335,Tersina,15
954,Rori,30
621,Christy,24
121,Doralynne,66
53,Vanessa,1
601,Halette,23
21,Trudie,79
414,Deirdre,81
614,Stacey,5
410,Elka,52
116,Janenna,59
173,Vere,49
127,Celestyna,27
229,Phylis,45
121,Maurene,80
736,Ileana,70
124,Mariele,69
290,Hallie,87
558,Dulce,45
520,Sybille,6
150,Dorice,14
97,Veda,47
352,Molli,24
259,Shaine,98
293,Mara,18
813,Marleah,3
497,Belinda,92
899,Willetta,54
813,Alameda,42
365,Tersina,53
367,Sandie,26
99,Corly,92
360,Layla,86
695,Gerrie,78
95,Lorenza,77
435,Tybie,51
392,Lacie,70
315,Ana,51
126,Alejandra,6
169,Tobe,73
954,Allyce,26
384,Brana,47
155,Georgina,7
452,Linzy,81
664,Jasmina,51
721,Joleen,21
481,Deirdre,21
205,Atlanta,28
265,Veda,94
513,Deirdre,47
292,Correy,68
972,Laure,23
674,Bettine,25
900,Jacenta,60
266,Anica,20
258,Meghann,100
492,Jackie,85
280,Kimmy,27
768,Roseline,9
276,Sophia,74
167,Minda,33
64,Blake,56
427,Diena,43
120,Deane,97
511,Agnese,64
540,Alyssa,44
409,Daune,20
197,Vevay,42
303,Elise,86
703,Ermengarde,30
396,Allis,66
226,Nickie,26
947,Corina,32
760,Roberta,98
873,Gratia,53
101,Aryn,100
903,Ernesta,19
676,Netty,1
490,Lynde,97
214,Berget,33
709,Starla,42
110,Grier,86
688,Asia,71
563,Tera,41
691,Marika,53
740,Yetty,62
570,Fanchon,89
280,Alyssa,85
570,Olivette,2
508,Myriam,94
319,Courtnay,35
135,Diena,99
385,Ulrike,46
65,Debee,64
271,Marline,8
961,Dacia,85
519,Daryl,15
576,Sue,49
641,Queenie,21
691,Florencia,4
319,Carmela,54
313,Maud,67
764,Doralynne,50
858,Kirbee,27
936,Marita,55
668,Cyndie,79
69,Suzette,21
342,Alie,33
206,Rubie,36
17,Lita,1
987,Amii,27
889,Nannie,8
21,Harrietta,14
70,Isa,11
852,Donetta,90
729,Andeee,69
472,Nonnah,66
702,Lila,49
684,Lanae,69
264,Nollie,11
567,Theodora,86
6,Linet,43
435,Raf,68
452,Alleen,47
528,Bibby,1
924,Brietta,14
683,Clarice,1
477,Latisha,91
476,Lynea,12
183,Aubrie,13
71,Cherilyn,67
746,Tonia,84
500,Leeanne,38
24,Corene,72
327,Merrie,28
805,Hallie,35
911,Sidoney,31
709,Beverley,3
477,Jerry,16
866,Alex,28
681,Estell,55
131,Fidelia,18
935,Brynna,77
492,Darlleen,57
346,Ann-Marie,99
411,Paola,29
566,Ericka,72
110,Carly,79
973,Dolli,13
220,Ulrike,23
353,Grier,54
92,Valeda,73
212,Lorie,92
106,Susan,90
879,Teddie,14
19,Tonia,73
828,Viviene,24
142,Betta,17
536,Nanete,69
858,Kayla,27
62,Mariele,85
595,Adele,82
585,Darci,22
749,Paule,99
414,Lita,82
701,Ileana,32
230,Catrina,1
450,Amara,2
148,Modestia,66
597,Kate,97
144,Aubrie,35
290,Addia,90
755,Fred,73
841,Dulcinea,6
326,Mara,56
965,Sybille,20
325,Marinna,50
954,Mahalia,25
793,Jobi,54
375,Goldie,66
986,Kerrin,48
592,Annaliese,2
786,Rebeca,95
748,Lyssa,63
826,Lucille,84
99,Lorne,34
917,Basia,86
323,Rivalee,77
547,Paola,83
836,Vivia,21
898,Eolanda,66
813,Philis,21
663,Violet,55
67,Jsandye,70
277,Lynnea,1
464,Roz,91
73,Adelle,13
20,Corene,91
85,Krystle,32
310,Andree,63
744,Ninnetta,56
274,Carol-Jean,34
410,Glynnis,97
91,Deirdre,6
46,Agnese,71
606,Brana,4
315,Leanna,96
614,Charlena,47
277,Berta,75
41,Ida,92
305,Celene,17
372,Mary,25
555,Mady,86
131,Sonni,83
410,Sean,91
204,Yetty,71
804,Nananne,63
229,Vonny,52
742,Siana,10
263,Daryl,45
62,Leona,82
33,Damaris,37
961,Katuscha,35
593,Caressa,67
553,Pollyanna,33
268,Debee,89
420,Viviene,89
152,Barbi,57
622,Marcelline,58
679,Ida,18
157,Verla,85
837,Lita,86
844,Karly,49
930,Gratia,24
792,Blake,67
190,Elise,2
629,Ronna,60
136,Pearline,49
397,Melisent,57
69,Barbara,46
595,Ashlee,76
276,Karina,17
215,Fernande,88
103,Myriam,84
834,Kaja,48
218,Agathe,22
535,Melina,15
847,Nananne,59
367,Lesly,73
659,Lita,38
922,Melisent,63
797,Elvira,39
742,Pierette,4
790,Sherrie,35
529,Berta,65
605,Sue,31
158,Danika,53
836,Carly,45
138,Ezmeralda,11
432,Celisse,65
382,Bettine,19
342,Malina,37
29,Abbie,52
441,Clary,67
345,Dulce,18
990,Rori,32
929,Gloria,41
978,Jackie,52
547,Minne,19
49,Feliza,15
652,Rosanne,18
376,Ursulina,79
266,Eadie,37
186,Gaylene,45
680,Imojean,55
63,Orsola,64
519,Jenilee,54
992,Lacie,2
133,Loree,27
273,Grier,57
331,Brandise,97
117,Reeba,15
829,Pamella,1
352,Lonnie,96
466,Devina,77
824,Jenda,1
185,Steffane,7
725,Jaime,94
814,Riannon,30
645,Hollie,73
999,Lucille,46
844,Sissy,77
331,Nataline,49
408,Rani,35
287,Flory,63
803,Maridel,81
441,Henriette,77
365,Marjie,38
293,Annaliese,85
163,Rhoda,44
516,Marylou,9
925,Addia,34
776,Netty,55
327,Dione,98
315,Ricky,76
165,Courtnay,24
913,Evaleen,51
197,Gretal,38
347,Ardenia,35
353,Constance,57
661,Louella,23
587,Lenna,6
137,Amii,52
509,Kial,85
147,Tani,88
569,Johna,83
474,Sadie,89
889,Lorie,62
500,Dode,21
476,Dennie,28
662,Tilly,55
544,Lilith,93
756,Lenna,15
926,Georgetta,78
209,Meghann,68
102,Rori,93
118,Ashlee,27
246,Harmonia,88
322,Cathyleen,25
864,Frances,84
157,Mignon,48
854,Jemie,15
702,Nanete,32
334,Marika,18
422,Danny,76
110,Priscilla,95
634,Dania,4
812,Wilma,40
356,Estell,7
714,Nickie,28
265,Myriam,29
671,Renae,84
496,Rosanne,24
584,Sashenka,2
655,Hermione,72
823,Kore,6
582,Brietta,21
438,Ada,11
79,Sheree,43
693,Trixi,56
165,Concettina,49
930,Caryl,32
818,Dacia,64
849,Lynde,60
563,Sandie,37
836,Karlee,16
593,Nanete,2
690,Henriette,96
429,Brooks,97
999,Kimmy,75
334,Gerianna,8
95,Gratia,8
388,Adore,89
564,Danika,11
41,Sam,25
30,Katuscha,34
886,Gratia,73
51,Jaclyn,65
881,Xylina,36
553,Hope,11
384,Konstance,55
185,Lynnea,32
940,Charmaine,15
877,Josephine,61
610,Carly,4
730,Amara,36
934,Cassandra,26
694,Donetta,43
53,Lesly,44
780,Dulcinea,49
593,Netty,62
12,Aaren,97
468,Tamqrah,62
497,Malina,46
55,Minne,47
859,Rhea,2
850,Cathyleen,42
374,Clary,47
256,Glynnis,9
233,Coral,23
556,Ginnie,80
831,Fanchon,71
246,Ana,12
930,Taffy,23
311,Drucie,2
202,Almeta,93
181,Madalyn,6
359,Layla,19
130,Stacey,1
71,Millie,17
225,Lilith,98
150,Melisent,58
886,Elsie,3
530,Ketti,11
288,Fredericka,51
338,Clary,22
984,Beth,21
229,Clementine,65
202,Kirstin,67
664,Gwenneth,4
473,Brana,45
900,Lizzie,61
347,Myriam,56
374,Modestia,52
14,Antonietta,50
438,Tori,19
824,Wanda,72
934,Lonnie,80
545,Imojean,22
94,Emilia,27
662,Eadie,21
593,Alex,41
773,Lila,13
61,Lynnea,95
879,Willetta,9
31,Barbi,59
263,Deloria,60
406,Dorothy,1
364,Ivett,35
877,Ethel,12
441,Fredericka,37
367,Maye,24
732,Phylis,36
964,Sidoney,79
970,Lanna,40
302,Carmela,96
866,Darci,81
156,Queenie,77
883,Penelopa,53
955,Shell,35
716,Tressa,60
60,Vanessa,50
498,Cassandra,60
826,Kylynn,64
967,Dolli,31
459,Cristabel,70
309,Latisha,18
659,Angelique,31
755,Talya,78
373,Betta,72
637,Donnie,20
890,Elvira,11
170,Celene,8
523,Lyssa,64
622,Odessa,86
85,Aili,38
956,Petronia,89
307,Kylynn,22
345,Genovera,56
966,Susette,93
357,Janenna,53
966,Korrie,24
451,Kayla,2
743,Elora,11
484,Drucie,16
696,Carree,14
544,Mamie,33
285,Dulce,87
83,Dania,98
580,Mignon,88
566,Ursulina,49
926,Regina,18
569,Brianna,51
154,Kittie,11
799,Chere,57
928,Chrystel,27
305,Harmonia,64
200,Fred,49
679,Blake,8
504,Agnese,9
48,Marnia,5
796,Sallie,99
516,Dolli,52
240,Bobinette,34
579,Wynne,65
679,Frank,3
545,Di,79
668,Livvyy,72
442,Molli,78
803,Minne,47
746,Lesly,53
572,Roxane,56
584,Gretal,11
914,Leontine,17
870,Eadie,98
77,Ruthe,38
388,Inga,42
141,Pollyanna,14
357,Sara-Ann,70
481,Carolina,33
421,Brietta,76
84,Trixi,61
625,Kial,21
447,Penelopa,43
969,Shell,62
684,Daphne,20
396,Cristabel,16
972,Celisse,24
134,Cathie,79
415,Kore,28
546,Celisse,13
74,Ada,82
826,Dale,17
745,Dolli,38
309,Orelia,72
179,Amalie,34
461,Harmonia,34
95,Louella,36
43,Roxane,22
844,Thalia,87
409,Jillayne,70
855,Evita,73
710,Feliza,39
875,Aurelie,52
36,Cindelyn,92
362,Gianina,12
792,Pollyanna,10
534,Jessy,26
496,Celene,78
769,Christy,21
545,Gerrie,23
170,Sibella,47
518,Aeriela,86
158,Goldie,59
881,Jordan,93
780,Tonia,30
339,Danika,55
50,Correy,97
889,Shandie,36
715,Ruthe,67
374,Ernesta,61
942,Merrie,35
90,Libbie,96
844,Lesly,83
834,Tersina,9
790,Aurelie,70
259,Pollyanna,6
91,Leona,23
693,Maisey,59
426,Grier,52
150,Concettina,96
926,Livvyy,69
454,Nyssa,35
494,Wynne,84
857,Brietta,84
674,Tani,57
322,Basia,96
839,Mahalia,31
993,Joleen,22
591,Lorne,47
835,Jinny,58
340,Justinn,88
643,Sharai,71
813,Ardeen,16
279,Alyda,19
86,Barbi,41
595,Gui,51
656,Raquela,71
494,Agathe,87
124,Orelia,40
191,Alia,12
412,Courtnay,85
21,Joceline,16
944,Almeta,73
169,Abbie,85
295,Renae,43
174,Elora,42
508,Kristina,75
405,Kalina,23
713,Maye,32
554,Aurelie,96
325,Goldie,43
704,Kristan,11
372,Cordi,49
392,Flo,65
31,Moyna,78
784,Ketti,55
174,Vevay,12
182,Tarra,77
997,Liana,7
781,Ingrid,80
908,Claudina,55
351,Lilith,62
812,Carlie,95
202,Maurene,64
123,Tabbatha,58
777,Kaja,70
531,Hildegaard,7
577,Sabina,91
858,Desirae,51
646,Janeczka,56
760,Queenie,87
42,Deloria,58
387,Basia,43
687,Misha,100
914,Candy,25
857,Nita,46
425,Ebonee,90
830,Odessa,87
522,Teriann,58
698,Magdalena,98
750,Annice,71
241,Jsandye,9
7,Lauryn,50
332,Paule,14
662,Cacilie,69
857,Georgina,33
561,Bibby,80
299,Gale,29
200,Cam,92
590,Brandise,14
853,Paule,71
164,Luci,88
776,Justinn,31
397,Ulrike,22
773,Alia,54
699,Sallie,18
931,Valeda,66
163,Fawne,60
713,Florencia,71
836,Gisela,97
616,Riannon,53
645,Mureil,38
255,Joelly,89
161,Tobe,60
409,Harrietta,87
725,Aigneis,90
883,Barbi,17
919,Nessie,77
775,Etta,81
167,Kylynn,88
599,Etta,1
45,Marline,1